No.,Kode  Saham,Nama  Penerbit  Efek,ISSI
1,AADI,Adaro Andalan Indonesia Tbk,Ya
2,AALI,Astra Agro Lestari Tbk,Ya
3,ABMM,ABM Investama Tbk,Ya
4,ACES,Aspirasi Hidup Indonesia Tbk,Ya
5,ACST,Acset Indonusa Tbk,Ya
6,ADCP,Adhi Commuter Properti Tbk,Ya
7,ADES,Akasha Wira International Tbk,Ya
8,ADHI,Adhi Karya (Persero) Tbk,Ya
9,ADMG,Polychem Indonesia Tbk,Ya
10,ADMR,Alamtri Minerals Indonesia Tbk,Ya
11,ADRO,Alamtri Resources Indonesia Tbk,Ya
12,AEGS,Anugerah Spareparts Sejahtera Tbk,Tidak
13,AGAR,Asia Sejahtera Mina Tbk,Ya
14,AGII,Samator Indo Gas Tbk,Ya
15,AIMS,Artha Mahiya Investama Tbk,Ya
16,AISA,FKS Food Sejahtera Tbk,Ya
17,AKKU,Anugerah Kagum Karya Utama Tbk,Ya
18,AKPI,Argha Karya Prima Ind. Tbk,Ya
19,AKRA,AKR Corporindo Tbk,Ya
20,AKSI,Mineral Sumberdaya Mandiri Tbk,Ya
21,ALDO,Alkindo Naratama Tbk,Ya
22,ALKA,Alakasa Industrindo Tbk,Ya
23,AMAN,Makmur Berkah Amanda Tbk,Ya
24,AMFG,Asahimas Flat Glass Tbk,Ya
25,AMIN,Ateliers Mecaniques D Indonesie Tbk,Ya
26,AMMS,Agung Menjangan Mas Tbk,Tidak
27,ANDI,Andira Agro Tbk,Ya
28,ANJT,Austindo Nusantara Jaya Tbk,Ya
29,ANTM,Aneka Tambang Tbk,Ya
30,APII,Arita Prima Indonesia Tbk,Ya
31,APLI,Asiaplast Industries Tbk,Ya
32,APLN,Agung Podomoro Land Tbk,Ya
33,ARCI,Archi Indonesia Tbk,Ya
34,AREA,Dunia Virtual Online Tbk,Ya
35,ARGO,Argo Pantes Tbk,Ya
36,ARII,Atlas Resources Tbk,Ya
37,ARNA,Arwana Citramulia Tbk,Ya
38,ARTA,Arthavest Tbk,Ya
39,ASGR,Astra Graphia Tbk,Ya
40,ASHA,Cilacap Samudera Fishing Industry Tbk,Ya
41,ASII,Astra International Tbk,Ya
42,ASLC,Autopedia Sukses Lestari Tbk,Ya
43,ASLI,Asri Karya Lestari Tbk,Ya
44,ASPI,Andalan Sakti Primaindo Tbk,Ya
45,ASRI,Alam Sutera Realty Tbk,Ya
46,ASSA,Adi Sarana Armada Tbk,Ya
47,ATAP,Trimitra Prawara Goldland Tbk,Ya
48,ATIC,Anabatic Technologies Tbk,Ya
49,ATLA,Atlantis Subsea Indonesia Tbk,Ya
50,AUTO,Astra Otoparts Tbk,Ya
51,AVIA,Avia Avian Tbk,Ya
52,AWAN,Era Digital Media Tbk,Ya
53,AXIO,Tera Data Indonusa Tbk,Ya
54,AYAM,Janu Putra Sejahtera Tbk,Ya
55,AYLS,Agro Yasa Lestari Tbk,Ya
56,BABY,Multitrend Indo Tbk,Ya
57,BAIK,Bersama Mencapai Puncak Tbk,Ya
58,BANK,Bank Aladin Syariah Tbk,Ya
59,BAPI,Bhakti Agung Propertindo Tbk,Ya
60,BATA,Sepatu Bata Tbk,Ya
61,BATR,Benteng Api Technic Tbk,Ya
62,BAUT,Mitra Angkasa Sejahtera Tbk,Ya
63,BAYU,Bayu Buana Tbk,Ya
64,BBRM,Pelayaran Nasional Bina Buana Raya Tbk,Ya
65,BBSS,Bumi Benowo Sukses Sejahtera Tbk,Ya
66,BCIP,Bumi Citra Permai Tbk,Ya
67,BDKR,Berdikari Pondasi Perkasa Tbk,Ya
68,BEEF,Estika Tata Tiara Tbk,Ya
69,BELI,Global Digital Niaga Tbk,Ya
70,BELL,Trisula Textile Industries Tbk,Ya
71,BESS,Batulicin Nusantara Maritim Tbk,Ya
72,BEST,Bekasi Fajar Industrial Estate Tbk,Ya
73,BIKE,Sepeda Bersama Indonesia Tbk,Ya
74,BINO,Perma Plasindo Tbk,Ya
75,BIPP,Bhuwanatala Indah Permai Tbk,Ya
76,BIRD,Blue Bird Tbk,Ya
77,BISI,BISI International Tbk,Ya
78,BKDP,Bukit Darmo Property Tbk,Ya
79,BKSL,Sentul City Tbk,Ya
80,BLES,Superior Prima Sukses Tbk,Ya
81,BLOG,Trimitra Trans Persada Tbk,Ya
82,BLTA,Berlian Laju Tanker Tbk,Ya
83,BLTZ,Graha Layar Prima Tbk,Ya
84,BLUE,Berkah Prima Perkasa Tbk,Ya
85,BMBL,Lavender Bina Cendikia Tbk,Tidak
86,BMHS,Bundamedik Tbk,Ya
87,BMSR,Bintang Mitra Semestaraya Tbk,Ya
88,BMTR,Global Mediacom Tbk,Ya
89,BNBR,Bakrie & Brothers Tbk,Ya
90,BOAT,Newport Marine Services Tbk,Ya
91,BOBA,Formosa Ingredient Factory Tbk,Ya
92,BOGA,Bintang Oto Global Tbk,Ya
93,BOLA,Bali Bintang Sejahtera Tbk,Ya
94,BOLT,Garuda Metalindo Tbk,Ya
95,BRAM,Indo Kordsa Tbk,Ya
96,BRIS,Bank Syariah Indonesia Tbk,Ya
97,BRMS,Bumi Resources Minerals Tbk,Ya
98,BRNA,Berlina Tbk,Ya
99,BRPT,Barito Pacific Tbk,Ya
100,BRRC,Raja Roti Cemerlang Tbk,Ya
101,BSBK,Wulandari Bangun Laksana Tbk,Ya
102,BSDE,Bumi Serpong Damai Tbk,Ya
103,BSML,Bintang Samudera Mandiri Lines Tbk,Ya
104,BSSR,Baramulti Suksessarana Tbk,Ya
105,BTPS,Bank BTPN Syariah Tbk,Ya
106,BUAH,Segar Kumala Indonesia Tbk,Ya
107,BUKK,Bukaka Teknik Utama Tbk,Ya
108,BULL,Buana Lintas Lautan Tbk,Ya
109,BUMI,Bumi Resources Tbk,Ya
110,BUVA,Bukit Uluwatu Villa Tbk,Ya
111,BYAN,Bayan Resources Tbk,Ya
112,CAKK,Cahayaputra Asa Keramik Tbk,Ya
113,CAMP,Campina Ice Cream Industry Tbk,Ya
114,CANI,Capitol Nusantara Indonesia Tbk,Ya
115,CARE,Metro Kesehatan Indonesia Tbk,Ya
116,CASH,Cashlez Worldwide Indonesia Tbk,Tidak
117,CASS,Cahaya Aero Services Tbk,Ya
118,CBDK,Bangun Kosambi Sukses Tbk,Ya
119,CBPE,Citra Buana Prasida Tbk,Ya
120,CBRE,Cakra Buana Resources Energi Tbk,Ya
121,CCSI,Communication Cable Systems Indonesia Tbk,Ya
122,CEKA,Wilmar Cahaya Indonesia Tbk,Ya
123,CGAS,Citra Nusantara Gemilang Tbk,Ya
124,CHEK,Diastika Biotekindo Tbk,Ya
125,CHEM,Chemstar Indonesia Tbk,Ya
126,CHIP,Pelita Teknologi Global Tbk,Tidak
127,CINT,Chitose Internasional Tbk,Ya
128,CITA,Cita Mineral Investindo Tbk,Ya
129,CITY,Natura City Developments Tbk,Ya
130,CLEO,Sariguna Primatirta Tbk,Ya
131,CLPI,Colorpak Indonesia Tbk,Ya
132,CMNP,Citra Marga Nusaphala Persada Tbk,Ya
133,CMPP,AirAsia Indonesia Tbk,Ya
134,CMRY,Cisarua Mountain Dairy Tbk,Ya
135,CNKO,Exploitasi Energi Indonesia Tbk,Ya
136,CNMA,Nusantara Sejahtera Raya Tbk,Ya
137,COAL,Black Diamond Resources Tbk,Ya
138,CPIN,Charoen Pokphand Indonesia Tbk,Ya
139,CPRO,Central Proteina Prima Tbk,Ya
140,CRAB,Toba Surimi Industries Tbk,Ya
141,CRSN,Carsurin Tbk,Ya
142,CSAP,Catur Sentosa Adiprana Tbk,Ya
143,CSIS,Cahayasakti Investindo Sukses Tbk,Ya
144,CSMI,Cipta Selera Murni Tbk,Ya
145,CSRA,Cisadane Sawit Raya Tbk,Ya
146,CTBN,Citra Tubindo Tbk,Ya
147,CTRA,Ciputra Development Tbk,Ya
148,CYBR,ITSEC Asia Tbk,Ya
149,DAAZ,Daaz Bara Lestari Tbk,Ya
150,DADA,Diamond Citra Propertindo Tbk,Ya
151,DATA,Remala Abadi Tbk,Ya
152,DAYA,Duta Intidaya Tbk,Ya
153,DCII,DCI Indonesia Tbk,Ya
154,DEFI,Danasupra Erapacific Tbk,Ya
155,DEPO,Caturkarda Depo Bangunan Tbk,Ya
156,DEWA,Darma Henwa Tbk,Ya
157,DEWI,Dewi Shri Farmindo Tbk,Ya
158,DGIK,Nusa Konstruksi Enjiniring Tbk,Ya
159,DGNS,Diagnos Laboratorium Utama Tbk,Ya
160,DGWG,Delta Giri Wacana Tbk,Ya
161,DILD,Intiland Development Tbk,Ya
162,DIVA,Distribusi Voucher Nusantara Tbk,Ya
163,DKFT,Central Omega Resources Tbk,Ya
164,DKHH,Cipta Sarana Medika Tbk,Ya
165,DMAS,Puradelta Lestari Tbk,Ya
166,DMMX,Digital Mediatama Maxima Tbk,Ya
167,DMND,Diamond Food Indonesia Tbk,Ya
168,DOOH,Era Media Sejahtera Tbk,Ya
169,DOSS,Global Sukses Digital Tbk,Ya
170,DRMA,Dharma Polimetal Tbk,Ya
171,DSFI,Dharma Samudera Fishing Ind. Tbk,Ya
172,DSNG,Dharma Satya Nusantara Tbk,Ya
173,DSSA,Dian Swastatika Sentosa Tbk,Ya
174,DUTI,Duta Pertiwi Tbk,Ya
175,DVLA,Darya-Varia Laboratoria Tbk,Ya
176,DWGL,Dwi Guna Laksana Tbk,Ya
177,DYAN,Dyandra Media International Tbk,Ya
178,EAST,Eastparc Hotel Tbk,Ya
179,ECII,Electronic City Indonesia Tbk,Ya
180,EDGE,Indointernet Tbk,Ya
181,EKAD,Ekadharma International Tbk,Ya
182,ELIT,Data Sinergitama Jaya Tbk,Ya
183,ELPI,Pelayaran Nasional Ekalya Purnamasari Tbk,Ya
184,ELSA,Elnusa Tbk,Ya
185,ELTY,Bakrieland Development Tbk,Ya
186,EMDE,Megapolitan Developments Tbk,Ya
187,ENAK,Champ Resto Indonesia Tbk,Ya
188,ENRG,Energi Mega Persada Tbk,Ya
189,EPAC,Megalestari Epack Sentosaraya Tbk,Ya
190,EPMT,Enseval Putera Megatrading Tbk,Ya
191,ERAA,Erajaya Swasembada Tbk,Ya
192,ERAL,Sinar Eka Selaras Tbk,Ya
193,ESIP,Sinergi Inti Plastindo Tbk,Ya
194,ESSA,ESSA Industries Indonesia Tbk,Ya
195,ESTA,Esta Multi Usaha Tbk,Ya
196,EURO,Estee Gold Feet Tbk,Tidak
197,EXCL,XLSMART Telecom Sejahtera Tbk,Ya
198,FAST,Fast Food Indonesia Tbk,Ya
199,FASW,Fajar Surya Wisesa Tbk,Ya
200,FILM,MD Entertainment Tbk,Ya
201,FIMP,Fimperkasa Utama Tbk,Tidak
202,FIRE,Alfa Energi Investama Tbk,Ya
203,FISH,FKS Multi Agro Tbk,Ya
204,FITT,Hotel Fitra International Tbk,Ya
205,FLMC,Falmaco Nonwoven Industri Tbk,Tidak
206,FMII,Fortune Mate Indonesia Tbk,Ya
207,FOLK,Multi Garam Utama Tbk,Ya
208,FOOD,Sentra Food Indonesia Tbk,Ya
209,FORE,Fore Kopi Indonesia Tbk,Ya
210,FPNI,Lotte Chemical Titan Tbk,Ya
211,FUTR,Futura Energi Global Tbk,Ya
212,FWCT,Wijaya Cahaya Timber Tbk,Ya
213,GDST,Gunawan Dianjaya Steel Tbk,Ya
214,GDYR,Goodyear Indonesia Tbk,Ya
215,GEMA,Gema Grahasarana Tbk,Ya
216,GEMS,Golden Energi Mines Tbk,Ya
217,GGRP,Gunung Raja Paksi Tbk,Ya
218,GHON,Gihon Telekomunikasi Indonesia Tbk,Ya
219,GIAA,Garuda Indonesia (Persero) Tbk,Ya
220,GJTL,Gajah Tunggal Tbk,Ya
221,GLVA,Galva Technologies Tbk,Ya
222,GMTD,Gowa Makassar Tourism Development Tbk,Ya
223,GOLD,Visi Telekomunikasi Infrastruktur Tbk,Ya
224,GOLF,Intra GolfLink Resorts Tbk,Ya
225,GOOD,Garudafood Putra Putri Jaya Tbk,Ya
226,GPRA,Perdana Gapura Prima Tbk,Ya
227,GPSO,Geoprima Solusi Tbk,Ya
228,GRIA,Ingria Pratama Capitalindo Tbk,Ya
229,GRPH,Griptha Putra Persada Tbk,Ya
230,GRPM,Graha Prima Mentari Tbk,Tidak
231,GTBO,Garda Tujuh Buana Tbk,Ya
232,GTRA,Grahaprima Suksesmandiri Tbk,Ya
233,GTSI,GTS Internasional Tbk,Ya
234,GULA,Aman Agrindo Tbk,Ya
235,GUNA,Gunanusa Eramandiri Tbk,Ya
236,GWSA,Greenwood Sejahtera Tbk,Ya
237,GZCO,Gozco Plantations Tbk,Ya
238,HADE,Himalaya Energi Perkasa Tbk,Ya
239,HAIS,Hasnur Internasional Shipping Tbk,Ya
240,HAJJ,Arsy Buana Travelindo Tbk,Tidak
241,HALO,Haloni Jane Tbk,Ya
242,HATM,Habco Trans Maritima Tbk,Ya
243,HBAT,Minahasa Membangun Hebat Tbk,Tidak
244,HDIT,Hensel Davest Indonesia Tbk,Ya
245,HEAL,Medikaloka Hermina Tbk,Ya
246,HERO,DFI Retail Nusantara Tbk,Ya
247,HEXA,Hexindo Adiperkasa Tbk,Ya
248,HGII,Hero Global Investment Tbk,Ya
249,HITS,Humpuss Intermoda Transportasi Tbk,Ya
250,HOKI,Buyung Poetra Sembada Tbk,Ya
251,HOMI,Grand House Mulia Tbk,Ya
252,HOPE,Harapan Duta Pertiwi Tbk,Ya
253,HRME,Menteng Heritage Realty Tbk,Ya
254,HRUM,Harum Energi Tbk,Ya
255,HUMI,Humpuss Maritim Internasional Tbk,Ya
256,HYGN,Ecocare Indo Pasifik Tbk,Ya
257,IATA,MNC Energi Investments Tbk,Ya
258,IBST,Inti Bangun Sejahtera Tbk,Ya
259,ICBP,Indofood CBP Sukses Makmur Tbk,Ya
260,ICON,Island Concepts Indonesia Tbk,Ya
261,IDEA,Idea Indonesia Akademi Tbk,Tidak
262,IDPR,Indonesia Pondasi Raya Tbk,Ya
263,IFII,Indonesia Fibreboard Industry Tbk,Ya
264,IFSH,Ifishdeco Tbk,Ya
265,IGAR,Champion Pacific Indonesia Tbk,Ya
266,IIKP,Inti Agri Resources Tbk,Ya
267,IKAI,Intikeramik Alamasri Industri Tbk,Ya
268,IKAN,Era Mandiri Cemerlang Tbk,Ya
269,IKBI,Sumi Indo Kabel Tbk,Ya
270,IKPM,Ikapharmindo Putramas Tbk,Ya
271,IMPC,Impack Pratama Industri Tbk,Ya
272,INCI,Intanwijaya Internasional Tbk,Ya
273,INCO,Vale Indonesia Tbk,Ya
274,INDF,Indofood Sukses Makmur Tbk,Ya
275,INDR,Indo-Rama Synthetics Tbk,Ya
276,INDS,Indospring Tbk,Ya
277,INDX,Tanah Laut Tbk,Ya
278,INDY,Indika Energi Tbk,Ya
279,INET,Sinergi Inti Andalan Prima Tbk,Ya
280,INKP,Indah Kiat Pulp & Paper Tbk,Ya
281,INPP,Indonesian Paradise Property Tbk,Ya
282,INTD,Inter-Delta Tbk,Ya
283,INTP,Indocement Tunggal Prakarsa Tbk,Ya
284,IOTF,Sumber Sinergi Makmur Tbk,Ya
285,IPAC,Era Graharealty Tbk,Tidak
286,IPCC,Indonesia Kendaraan Terminal Tbk,Ya
287,IPCM,Jasa Armada Indonesia Tbk,Ya
288,IPOL,Indopoly Swakarsa Industry Tbk,Ya
289,IPTV,MNC Vision Networks Tbk,Ya
290,IRRA,Itama Ranoraya Tbk,Ya
291,IRSX,Folago Global Nusantara Tbk,Ya
292,ISAP,Isra Presisi Indonesia Tbk,Tidak
293,ISAT,Indosat Tbk,Ya
294,ISSP,Steel Pipe Industry of Indonesia Tbk,Ya
295,ITMA,Sumber Energi Andalan Tbk,Ya
296,ITMG,Indo Tambangraya Megah Tbk,Ya
297,JAST,Jasnita Telekomindo Tbk,Ya
298,JATI,Informasi Teknologi Indonesia Tbk,Ya
299,JAWA,Jaya Agra Wattie Tbk,Ya
300,JAYA,Armada Berjaya Trans Tbk,Ya
301,JECC,Jembo Cable Company Tbk,Ya
302,JGLE,Graha Andrasentra Propertindo Tbk,Ya
303,JIHD,Jakarta International Hotels & Development Tbk,Ya
304,JKON,Jaya Konstruksi Manggala Pratama Tbk,Ya
305,JMAS,Asuransi Jiwa Syariah Jasa Mitra Abadi Tbk,Ya
306,JPFA,JAPFA Comfeed Indonesia Tbk,Ya
307,JRPT,Jaya Real Property Tbk,Ya
308,JSMR,Jasa Marga Tbk,Ya
309,JSPT,Jakarta Setiabudi Internasional Tbk,Ya
310,JTPE,Jasuindo Tiga Perkasa Tbk,Ya
311,KAQI,Jantra Grupo Indonesia Tbk,Ya
312,KARW,Meratus Jasa Prima Tbk,Ya
313,KBAG,Karya Bersama Anugerah Tbk,Ya
314,KBLI,KMI Wire and Cable Tbk,Ya
315,KBLM,Kabelindo Murni Tbk,Ya
316,KDSI,Kedawung Setia Industrial Tbk,Ya
317,KDTN,Puri Sentul Permai Tbk,Ya
318,KEEN,Kencana Energi Lestari Tbk,Ya
319,KEJU,Mulia Boga Raya Tbk,Ya
320,KETR,Ketrosden Triasmitra Tbk,Ya
321,KIAS,Keramika Indonesia Assosiasi Tbk,Ya
322,KICI,Kedaung Indah Can Tbk,Ya
323,KIJA,Kawasan Industri Jababeka Tbk,Ya
324,KING,Hoffmen Cleanindo Tbk,Tidak
325,KINO,Kino Indonesia Tbk,Ya
326,KIOS,Kioson Komersial Indonesia Tbk,Ya
327,KJEN,Krida Jaringan Nusantara Tbk,Ya
328,KKES,Kusuma Kemindo Sentosa Tbk,Ya
329,KKGI,Resource Alam Indonesia Tbk,Ya
330,KLAS,Pelayaran Kurnia Lautan Semesta Tbk,Ya
331,KLBF,Kalbe Farma Tbk,Ya
332,KLIN,Klinko Karya Imaji Tbk,Tidak
333,KMDS,Kurniamitra Duta Sentosa Tbk,Ya
334,KOBX,Kobexindo Tractors Tbk,Ya
335,KOCI,Kokoh Exa Nusantara Tbk,Ya
336,KOIN,Kokoh Inti Arebama Tbk,Ya
337,KOKA,Koka Indonesia Tbk,Ya
338,KONI,Perdana Bangun Pusaka Tbk,Ya
339,KOPI,Mitra Energi Persada Tbk,Ya
340,KOTA,DMS Propertindo Tbk,Ya
341,KPIG,MNC Tourism Indonesia Tbk,Ya
342,KREN,Quantum Clovera Investama Tbk,Ya
343,KRYA,Bangun Karya Perkasa Jaya Tbk,Ya
344,KSIX,Kentanix Supra International Tbk,Ya
345,KUAS,Ace Oldfields Tbk,Ya
346,LABA,Green Power Group Tbk,Ya
347,LABS,UBC Medical Indonesia Tbk,Ya
348,LAJU,Jasa Berdikari Logistics Tbk,Ya
349,LAND,Trimitra Propertindo Tbk,Ya
350,LCKM,LCK Global Kedaton Tbk,Ya
351,LFLO,Imago Mulia Persada Tbk,Tidak
352,LION,Lion Metal Works Tbk,Ya
353,LIVE,Homeco Victoria Makmur Tbk,Ya
354,LMAX,Lupromax Pelumas Indonesia Tbk,Tidak
355,LMPI,Langgeng Makmur Industri Tbk,Ya
356,LMSH,Lionmesh Prima Tbk,Ya
357,LOPI,Logisticsplus International Tbk,Tidak
358,LPCK,Lippo Cikarang Tbk,Ya
359,LPIN,Multi Prima Sejahtera Tbk,Ya
360,LPKR,Lippo Karawaci Tbk,Ya
361,LPLI,Star Pacific Tbk,Ya
362,LPPF,Matahari Department Store Tbk,Ya
363,LRNA,Eka Sari Lorena Transport Tbk,Ya
364,LSIP,PP London Sumatra Indonesia Tbk,Ya
365,LTLS,Lautan Luas Tbk,Ya
366,LUCK,Sentral Mitra Informatika Tbk,Ya
367,MAHA,Mandiri Herindo Adiperkasa Tbk,Ya
368,MAIN,Malindo Feedmill Tbk,Ya
369,MANG,Manggung Polahraya Tbk,Tidak
370,MAPA,Map Aktif Adiperkasa Tbk,Ya
371,MAPB,Map Boga Adiperkasa Tbk,Ya
372,MAPI,Mitra Adiperkasa Tbk,Ya
373,MARK,Mark Dynamics Indonesia Tbk,Ya
374,MAXI,Maxindo Karya Anugerah Tbk,Ya
375,MBAP,Mitrabara Adiperdana Tbk,Ya
376,MBMA,Merdeka Battery Materials Tbk,Ya
377,MBTO,Martina Berto Tbk,Ya
378,MCAS,M Cash Integrasi Tbk,Ya
379,MCOL,Prima Andalan Mandiri Tbk,Ya
380,MDIY,Daya Intiguna Yasa Tbk,Ya
381,MDKA,Merdeka Copper Gold Tbk,Ya
382,MDKI,Emdeki Utama Tbk,Ya
383,MDLA,Medela Potentia Tbk,Ya
384,MEDC,Medco Energi Internasional Tbk,Ya
385,MEDS,Hetzer Medical Indonesia Tbk,Ya
386,MEJA,Harta Djaya Karya Tbk,Tidak
387,MENN,Menn Teknologi Indonesia Tbk,Tidak
388,MERI,Merry Riana Edukasi Tbk,Ya
389,MERK,Merck Tbk,Ya
390,META,Nusantara Infrastructure Tbk,Ya
391,MFMI,Multifiling Mitra Indonesia Tbk,Ya
392,MGLV,Panca Anugrah Wisesa Tbk,Tidak
393,MGNA,Magna Investama Mandiri Tbk,Ya
394,MHKI,Multi Hanna Kreasindo Tbk,Ya
395,MICE,Multi Indocitra Tbk,Ya
396,MIDI,Midi Utama Indonesia Tbk,Ya
397,MIKA,Mitra Keluarga Karyasehat Tbk,Ya
398,MINA,Sanurhasta Mitra Tbk,Ya
399,MINE,Sinar Terang Mandiri Tbk,Ya
400,MIRA,Mitra International Resources Tbk,Ya
401,MITI,Mitra Investindo Tbk,Ya
402,MKAP,Multikarya Asia Pasifik Raya Tbk,Ya
403,MKPI,Metropolitan Kentjana Tbk,Ya
404,MKTR,Menthobi Karyatama Raya Tbk,Ya
405,MLIA,Mulia Industrindo Tbk,Ya
406,MLPL,Multipolar Tbk,Ya
407,MLPT,Multipolar Teknologi Tbk,Ya
408,MMIX,Multi Medika Internasional Tbk,Ya
409,MMLP,Mega Manunggal Property Tbk,Ya
410,MNCN,Media Nusantara Citra Tbk,Ya
411,MORA,Mora Telematika Indonesia Tbk,Ya
412,MPIX,Mitra Pedagang Indonesia Tbk,Ya
413,MPMX,Mitra Pinasthika Mustika Tbk,Ya
414,MPOW,Megapower Makmur Tbk,Ya
415,MPPA,Matahari Putra Prima Tbk,Ya
416,MPRO,Maha Properti Indonesia Tbk,Ya
417,MRAT,Mustika Ratu Tbk,Ya
418,MSIE,Multisarana Intan Eduka Tbk,Tidak
419,MSIN,MNC Digital Entertainment Tbk,Ya
420,MSJA,Multi Spunindo Jaya Tbk,Ya
421,MSKY,MNC Sky Vision Tbk,Ya
422,MSTI,Mastersystem Infotama Tbk,Ya
423,MTDL,Metrodata Electronics Tbk,Ya
424,MTEL,Dayamitra Telekomunikasi Tbk,Ya
425,MTFN,Capitalinc Investment Tbk,Ya
426,MTLA,Metropolitan Land Tbk,Ya
427,MTMH,Murni Sadar Tbk,Ya
428,MTPS,Meta Epsi Tbk,Ya
429,MTSM,Metro Realty Tbk,Ya
430,MUTU,Mutuagung Lestari Tbk,Ya
431,MYOH,Samindo Resources Tbk,Ya
432,MYOR,Mayora Indah Tbk,Ya
433,NAIK,Adiwarna Anugerah Abadi Tbk,Ya
434,NANO,Nanotech Indonesia Global Tbk,Tidak
435,NASA,Andalan Perkasa Abadi Tbk,Ya
436,NASI,Wahana Inti Makmur Tbk,Ya
437,NAYZ,Hassana Boga Sejahtera Tbk,Tidak
438,NCKL,Trimegah Bangun Persada Tbk,Ya
439,NELY,Pelayaran Nelly Dwi Putri Tbk,Ya
440,NEST,Esta Indonesia Tbk,Ya
441,NETV,MDTV Media Technologies Tbk,Ya
442,NFCX,NFC Indonesia Tbk,Ya
443,NICE,Adhi Kartiko Pratama Tbk,Ya
444,NICL,PAM Mineral Tbk,Ya
445,NIKL,Pelat Timah Nusantara Tbk,Ya
446,NINE,Techno9 Indonesia Tbk,Tidak
447,NPGF,Nusa Palapa Gemilang Tbk,Ya
448,NRCA,Nusa Raya Cipta Tbk,Ya
449,NTBK,Nusatama Berkah Tbk,Ya
450,NZIA,"Nusantara Almazia, Tbk",Ya
451,OASA,Maharaksa Biru Energi Tbk,Ya
452,OBAT,Brigit Biofarmaka Teknologi Tbk,Ya
453,OBMD,OBM Drilchem Tbk,Ya
454,OILS,Indo Oil Perkasa Tbk,Ya
455,OKAS,Ancora Indonesia Resources Tbk,Ya
456,OLIV,Oscar Mitra Sukses Sejahtera Tbk,Tidak
457,OMED,Jayamas Medica Industri Tbk,Ya
458,OMRE,Indonesia Prima Property Tbk,Ya
459,PACK,Abadi Nusantara Hijau Investama Tbk,Tidak
460,PADA,Personel Alih Daya Tbk,Ya
461,PALM,Provident Investasi Bersama Tbk,Ya
462,PAMG,Bima Sakti Pertiwi Tbk,Ya
463,PANI,Pantai Indah Kapuk Dua Tbk,Ya
464,PANR,Panorama Sentrawisata Tbk,Ya
465,PART,Cipta Perdana Lancar Tbk,Ya
466,PBID,Panca Budi Idaman Tbk,Ya
467,PBSA,Paramita Bangun Sarana Tbk,Ya
468,PCAR,Prima Cakrawala Abadi Tbk,Ya
469,PDES,Destinasi Tirta Nusantara Tbk,Ya
470,PDPP,Primadaya Plastisindo Tbk,Ya
471,PEHA,Phapros Tbk,Ya
472,PEVE,Penta Valent Tbk,Ya
473,PGAS,Perusahaan Gas Negara Tbk,Ya
474,PGEO,Pertamina Geothermal Energi Tbk,Ya
475,PGJO,Bahtera Bumi Raya Tbk,Tidak
476,PGLI,Pembangunan Graha Lestari Indah Tbk,Ya
477,PGUN,Pradiksi Gunatama Tbk,Ya
478,PICO,Pelangi Indah Canindo Tbk,Ya
479,PIPA,Multi Makmur Lemindo Tbk,Ya
480,PJAA,Pembangunan Jaya Ancol Tbk,Ya
481,PJHB,Pelayaran Jaya Hidup Baru Tbk,Ya
482,PKPK,Paragon Karya Perkasa Tbk,Ya
483,PLAN,Planet Properindo Jaya Tbk,Tidak
484,PLIN,Plaza Indonesia Realty Tbk,Ya
485,PMJS,Putra Mandiri Jembar Tbk,Ya
486,PMUI,Prima Multi Usaha Indonesia Tbk,Ya
487,PNBS,Bank Panin Dubai Syariah Tbk,Ya
488,PNGO,Pinago Utama Tbk,Ya
489,PNSE,Pudjiadi & Sons Tbk,Ya
490,POLI,Pollux Hotels Group Tbk,Ya
491,POLU,Golden Flower Tbk,Ya
492,PORT,Nusantara Pelabuhan Handal Tbk,Ya
493,POWR,Cikarang Listrindo Tbk,Ya
494,PPGL,Prima Globalindo Logistik Tbk,Tidak
495,PPRE,PP Presisi Tbk,Ya
496,PPRI,Paperocks Indonesia Tbk,Ya
497,PPRO,PP Properti Tbk,Ya
498,PRAY,Famon Awal Bros Sedaya Tbk,Ya
499,PRDA,Prodia Widyahusada Tbk,Ya
500,PRIM,Royal Prima Tbk,Ya
501,PSAB,J RESOURCES ASIA PASIFIK Tbk,Ya
502,PSAT,Pancaran Samudera Transport Tbk,Ya
503,PSDN,Prasidha Aneka Niaga Tbk,Ya
504,PSGO,Palma Serasih Tbk,Ya
505,PSKT,Red Planet Indonesia Tbk,Ya
506,PSSI,IMC Pelita Logistik Tbk,Ya
507,PTBA,Bukit Asam Tbk,Ya
508,PTIS,Indo Straits Tbk,Ya
509,PTMP,Mitra Pack Tbk,Ya
510,PTMR,Master Print Tbk,Ya
511,PTPP,PP (Persero) Tbk,Ya
512,PTPS,Pulau Subur Tbk,Ya
513,PTPW,Pratama Widya Tbk,Ya
514,PTSN,Sat Nusapersada Tbk,Ya
515,PTSP,Pioneerindo Gourmet International Tbk,Ya
516,PURA,Putra Rajawali Kencana Tbk,Ya
517,PURI,Puri Global Sukses Tbk,Ya
518,PWON,Pakuwon Jati Tbk,Ya
519,PZZA,Sarimelati Kencana Tbk,Ya
520,RAAM,Tripar Multivision Plus Tbk,Ya
521,RAFI,Sari Kreasi Boga Tbk,Ya
522,RAJA,Rukun Raharja Tbk,Ya
523,RALS,Ramayana Lestari Sentosa Tbk,Ya
524,RANC,Supra Boga Lestari Tbk,Ya
525,RATU,Raharja Energi Cepu Tbk,Ya
526,RBMS,Ristia Bintang Mahkotasejati Tbk,Ya
527,RDTX,Roda Vivatex Tbk,Ya
528,RELF,Graha Mitra Asia Tbk,Tidak
529,RGAS,Kian Santang Muliatama Tbk,Ya
530,RIGS,Rig Tenders Tbk,Ya
531,RISE,Jaya Sukses Makmur Sentosa Tbk,Ya
532,RMKE,RMK Energy Tbk,Ya
533,RMKO,Royaltama Mulia Kontraktorindo Tbk,Ya
534,ROCK,Rockfields Properti Indonesia Tbk,Ya
535,RODA,Pikko Land Development Tbk,Ya
536,RONY,Aesler Grup Internasional Tbk,Ya
537,ROTI,Nippon Indosari Corpindo Tbk,Ya
538,RSGK,Kedoya Adyaraya Tbk,Ya
539,RUIS,Radiant Utama Interinsco Tbk,Ya
540,RUNS,Global Sukses Solusi Tbk,Tidak
541,SAFE,Steady Safe Tbk,Ya
542,SAGE,Saptausaha Gemilangindah Tbk,Ya
543,SAME,Sarana Meditama Metropolitan Tbk,Ya
544,SAMF,Saraswanti Anugerah Makmur Tbk,Ya
545,SAPX,Satria Antaran Prima Tbk,Ya
546,SATU,Kota Satu Properti Tbk,Ya
547,SBMA,Surya Biru Murni Acetylene Tbk,Ya
548,SCCO,Supreme Cable Manufacturing & Commerce Tbk,Ya
549,SCNP,Selaras Citra Nusantara Perkasa Tbk,Ya
550,SCPI,Organon Pharma Indonesia Tbk,Ya
551,SEMA,Semacom Integrated Tbk,Ya
552,SGER,Sumber Global Energi Tbk,Ya
553,SGRO,Sampoerna Agro Tbk,Ya
554,SHID,Hotel Sahid Jaya Tbk,Ya
555,SHIP,Sillo Maritime Perdana Tbk,Ya
556,SICO,Sigma Energi Compressindo Tbk,Ya
557,SIDO,Industri Jamu Dan Farmasi Sido Muncul Tbk,Ya
558,SILO,Siloam International Hospitals Tbk,Ya
559,SIMP,Salim Ivomas Pratama Tbk,Ya
560,SIPD,Sreeya Sewu Indonesia Tbk,Ya
561,SKBM,Sekar Bumi Tbk,Ya
562,SKLT,Sekar Laut Tbk,Ya
563,SKRN,Superkrane Mitra Utama Tbk,Ya
564,SLIS,Gaya Abadi Sempurna Tbk,Ya
565,SMAR,Sinar Mas Agro Resources and Technology Tbk,Ya
566,SMBR,Semen Baturaja Tbk,Ya
567,SMCB,Solusi Bangun Indonesia Tbk,Ya
568,SMDM,Suryamas Dutamakmur Tbk,Ya
569,SMDR,Samudera Indonesia Tbk,Ya
570,SMGA,Sumber Mineral Global Abadi Tbk,Ya
571,SMGR,Semen Indonesia (Persero) Tbk,Ya
572,SMIL,Sarana Mitra Luas Tbk,Ya
573,SMKL,Satyamitra Kemas Lestari Tbk,Ya
574,SMKM,Sumber Mas Konstruksi Tbk,Tidak
575,SMLE,Sinergi Multi Lestarindo Tbk,Ya
576,SMMT,Golden Eagle Energy Tbk,Ya
577,SMRA,Summarecon Agung Tbk,Ya
578,SMSM,Selamat Sempurna Tbk,Ya
579,SNLK,Sunter Lakeside Hotel Tbk,Ya
580,SOCI,Soechi Lines Tbk,Ya
581,SOFA,Boston Furniture Industries Tbk,Tidak
582,SOHO,Soho Global Health Tbk,Ya
583,SOLA,Xolare RCR Energi Tbk,Ya
584,SONA,Sona Topas Tourism Industry Tbk,Ya
585,SOSS,Shield On Service Tbk,Ya
586,SOTS,Satria Mega Kencana Tbk,Ya
587,SOUL,Mitra Tirta Buwana Tbk,Tidak
588,SPMA,Suparma Tbk,Ya
589,SPRE,Soraya Berjaya Indonesia Tbk,Tidak
590,SPTO,Surya Pertiwi Tbk,Ya
591,SRTG,Saratoga Investama Sedaya Tbk,Ya
592,SSIA,Surya Semesta Internusa Tbk,Ya
593,SSTM,Sunson Textile Manufacturer Tbk,Ya
594,STAA,Sumber Tani Agung Resources Tbk,Ya
595,STTP,Siantar Top Tbk,Ya
596,SULI,SLJ Global Tbk,Ya
597,SUNI,Sunindo Pratama Tbk,Ya
598,SUPR,Solusi Tunas Pratama Tbk,Ya
599,SURI,Maja Agung Latexindo Tbk,Ya
600,SWID,Saraswanti Indoland Development Tbk,Ya
601,TALF,Tunas Alfin Tbk,Ya
602,TAMA,Lancartama Sejati Tbk,Ya
603,TAMU,Pelayaran Tamarin Samudra Tbk,Ya
604,TAPG,Triputra Agro Persada Tbk,Ya
605,TARA,Agung Semesta Sejahtera Tbk,Ya
606,TAXI,Express Transindo Utama Tbk,Ya
607,TBMS,Tembaga Mulia Semanan Tbk,Ya
608,TCID,Mandom Indonesia Tbk,Ya
609,TCPI,Transcoal Pacific Tbk,Ya
610,TEBE,Dana Brata Luhur Tbk,Ya
611,TFAS,Telefast Indonesia Tbk,Ya
612,TFCO,Tifico Fiber Indonesia Tbk,Ya
613,TGKA,Tigaraksa Satria Tbk,Ya
614,TGUK,Platinum Wahab Nusantara Tbk,Ya
615,TINS,Timah Tbk,Ya
616,TIRA,Tira Austenite Tbk,Ya
617,TIRT,Tirta Mahakam Resources Tbk,Ya
618,TKIM,Pabrik Kertas Tjiwi Kimia Tbk,Ya
619,TLDN,Teladan Prima Agro Tbk,Ya
620,TLKM,Telkom Indonesia (Persero) Tbk,Ya
621,TMAS,Temas Tbk,Ya
622,TMPO,Tempo Inti Media Tbk,Ya
623,TNCA,Trimuda Nuansa Citra Tbk,Ya
624,TOBA,TBS Energi Utama Tbk,Ya
625,TOOL,Rohartindo Nusantara Luas Tbk,Ya
626,TOSK,Topindo Solusi Komunika Tbk,Ya
627,TOTL,Total Bangun Persada Tbk,Ya
628,TOTO,Surya Toto Indonesia Tbk,Ya
629,TPIA,Chandra Asri Pacific Tbk,Ya
630,TPMA,Trans Power Marine Tbk,Ya
631,TRIS,Trisula International Tbk,Ya
632,TRJA,Transkon Jaya Tbk,Ya
633,TRON,Teknologi Karya Digital Nusa Tbk,Ya
634,TRST,Trias Sentosa Tbk,Ya
635,TRUE,Triniti Dinamik Tbk,Ya
636,TRUK,Guna Timur Raya Tbk,Ya
637,TSPC,Tempo Scan Pacific Tbk,Ya
638,TYRE,King Tire Indonesia Tbk,Ya
639,UANG,Pakuan Tbk,Ya
640,UCID,Uni-Charm Indonesia Tbk,Ya
641,UDNG,Agro Bahari Nusantara Tbk,Tidak
642,UFOE,Damai Sejahtera Abadi Tbk,Ya
643,ULTJ,Ultrajaya Milk Industry & Trading Company Tbk,Ya
644,UNIC,Unggul Indah Cahaya Tbk,Ya
645,UNIQ,Ulima Nitra Tbk,Ya
646,UNTR,United Tractors Tbk,Ya
647,UNVR,Unilever Indonesia Tbk,Ya
648,UVCR,Trimegah Karya Pratama Tbk,Ya
649,VAST,Vastland Indonesia Tbk,Ya
650,VERN,Verona Indah Pictures Tbk,Ya
651,VICI,Victoria Care Indonesia Tbk,Ya
652,VISI,Satu Visi Putra Tbk,Ya
653,VKTR,VKTR Teknologi Mobilitas Tbk,Ya
654,VOKS,Voksel Electric Tbk,Ya
655,WAPO,Wahana Pronatural Tbk,Ya
656,WEGE,Wijaya Karya Bangunan Gedung Tbk,Ya
657,WEHA,WEHA Transportasi Indonesia Tbk,Ya
658,WGSH,Wira Global Solusi Tbk,Tidak
659,WIDI,Widiant Jaya Krenindo Tbk,Tidak
660,WINR,Winner Nusantara Jaya Tbk,Ya
661,WINS,Wintermar Offshore Marine Tbk,Ya
662,WIRG,WIR ASIA Tbk,Ya
663,WMUU,Widodo Makmur Unggas Tbk,Ya
664,WOOD,Integra Indocabinet Tbk,Ya
665,WOWS,Ginting Jaya Energi Tbk,Ya
666,WTON,Wijaya Karya Beton Tbk,Ya
667,YELO,Yelooo Integra Datanet Tbk,Ya
668,YPAS,Yanaprima Hastapersada Tbk,Ya
669,YUPI,Yupi Indo Jelly Gum Tbk,Ya
670,ZATA,Bersama Zatta Jaya Tbk,Ya
671,ZONE,Mega Perintis Tbk,Ya
672,ZYRX,Zyrexindo Mandiri Buana Tbk,Ya